{"use_time": true, "loop_time": 20, "joint_names": ["joint_1", "joint_2", "joint_3", "joint_4", "joint_5", "joint_6"], "trajectory": [[-0.39727122285508903, -0.11202057538093853, 0.1061648123829702, -1.584751570030391, -0.39731208030102577, 1.585930280250655, 0.0], [-0.36330789552619297, -0.10362816865528739, 0.07105813254840834, -1.5208818659871925, -0.3458930682071755, 1.5190317829579383, 0.2723219897196522], [-0.329344568197297, -0.09523576192963627, 0.035951452713846505, -1.4570121619439949, -0.29447405611332544, 1.4521332856652225, 0.38094475444578535], [-0.29538124086840095, -0.08684335520398512, 0.0008447728792846417, -1.3931424579007976, -0.24305504401947522, 1.385234788372506, 0.5066010317903168], [-0.26141791353950494, -0.07845094847833396, -0.03426190695527722, -1.329272753857601, -0.19163603192562512, 1.3183362910797898, 0.6058820424991708], [-0.22745458621060893, -0.07005854175268282, -0.06936858678983907, -1.2654030498144038, -0.14021701983177498, 1.2514377937870726, 0.6936439489612959], [-0.19349125888171284, -0.06166613502703169, -0.10447526662440092, -1.2015333457712065, -0.08879800773792487, 1.184539296494355, 0.7702902693877811], [-0.15952793155281664, -0.05327372830138054, -0.1395819464589627, -1.1376636417280086, -0.037378995644074736, 1.1176407992016373, 0.8600126704235613], [-0.12556460422392035, -0.044881321575729376, -0.17468862629352452, -1.0737939376848107, 0.014040016449775436, 1.0507423019089186, 0.9731200460653537], [-0.09160127689502405, -0.036488914850078207, -0.2097953061280863, -1.0099242336416123, 0.06545902854362562, 0.9838438046161996, 1.066528180288527], [-0.05763794956612774, -0.028096508124427044, -0.24490198596264806, -0.9460545295984137, 0.1168780406374758, 0.9169453073234803, 1.1599363145116905], [-0.023674622237231418, -0.019704101398775868, -0.2800086657972097, -0.882184825555215, 0.16829705273132597, 0.8500468100307609, 1.273043690153458], [0.01028870509166491, -0.011311694673124676, -0.3151153456317713, -0.8183151215120162, 0.21971606482517614, 0.7831483127380412, 1.3627660911892279], [0.04425203242056123, -0.0029192879474734803, -0.3502220254663327, -0.7544454174688167, 0.2711350769190262, 0.7162498154453212, 1.439412411615713], [0.07821535974945754, 0.005473118778177716, -0.3853287053008939, -0.6905757134256171, 0.3225540890128762, 0.6493513181526007, 1.52717431807784], [0.11217868707835378, 0.013865525503828906, -0.42043538513545475, -0.626706009382417, 0.373973101106726, 0.5824528208598803, 1.6264553287866947], [0.14614201440725005, 0.022257932229480103, -0.45554206497001565, -0.5628363053392171, 0.42539211320057585, 0.51555432356716, 1.7521116061312272], [0.18010534173614623, 0.03065033895513128, -0.4906487448045764, -0.4989666012960173, 0.4768111252944256, 0.44865582627443984, 1.8607343708573583], [0.2140686690650424, 0.03904274568078246, -0.5257554246391374, -0.4350968972528175, 0.5282301373882755, 0.38175732898171977, 2.3395013207269684]]}