{"use_time": true, "loop_time": 20, "joint_names": ["joint_1", "joint_2", "joint_3", "joint_4", "joint_5", "joint_6"], "trajectory": [[2.7443213813575977, -1.437577368610297, -0.18866609453702504, -2.743772389075013, 1.5196713365714123, -0.02147138655497938, 0.0], [2.5874435920827574, -1.3454824690091678, -0.1857124572104291, -2.6355792244665133, 1.4475056152904069, 0.05202820730801683, 0.5716272039578738], [2.430565802807917, -1.2533875694080396, -0.18275881988383322, -2.527386059858015, 1.3753398940094024, 0.12552780117101306, 0.7872422547049458], [2.2736880135330764, -1.1612926698069115, -0.17980518255723732, -2.4191928952495165, 1.3031741727283979, 0.1990273950340093, 0.9786816004022763], [2.116810224258236, -1.069197770205784, -0.17685154523064145, -2.310999730641019, 1.2310084514473933, 0.27252698889700555, 1.139800253089569], [1.959932434983395, -0.9771028706046562, -0.17389790790404555, -2.2028065660325216, 1.1588427301663886, 0.3460265827600018, 1.2899648762419986], [1.8030546457085532, -0.8850079710035283, -0.17094427057744963, -2.0946134014240236, 1.0866770088853832, 0.41952617662299796, 1.424901444475839], [1.6461768564337103, -0.7929130714024, -0.16799063325085362, -1.9864202368155246, 1.0145112876043771, 0.493025770485994, 1.5565345620800228], [1.4892990671588662, -0.7008181718012715, -0.16503699592425752, -1.8782270722070251, 0.9423455663233707, 0.5665253643489899, 1.680152957545835], [1.3324212778840219, -0.6087232722001426, -0.16208335859766138, -1.7700339075985247, 0.8701798450423641, 0.6400249582119856, 1.811769929113621], [1.1755434886091776, -0.5166283725990134, -0.15912972127106512, -1.6618407429900235, 0.7980141237613573, 0.7135245520749811, 1.946702117053726], [1.0186656993343328, -0.42453347299788396, -0.15617608394446886, -1.5536475783815213, 0.7258484024803504, 0.7870241459379764, 2.096861865581238], [0.8617879100594876, -0.33243857339675453, -0.15322244661787252, -1.445454413773018, 0.653682681199343, 0.8605237398009713, 2.2579794252231418], [0.7049101207846429, -0.24034367379562527, -0.15026880929127617, -1.337261249164514, 0.5815169599183359, 0.9340233336639662, 2.449417472176405], [0.5480323315097978, -0.14824877419449597, -0.14731517196467978, -1.2290680845560094, 0.5093512386373282, 1.0075229275269608, 2.6650323682071706], [0.3911545422349529, -0.056153874593366786, -0.14436153463808346, -1.1208749199475052, 0.4371855173563209, 1.0810225213899558, 3.658806379189813]]}